-- MySQL Administrator dump 1.4
--
-- ------------------------------------------------------
-- Server version	5.5.24


/*!40101 SET @OLD_CHARACTER_SET_CLIENT=@@CHARACTER_SET_CLIENT */;
/*!40101 SET @OLD_CHARACTER_SET_RESULTS=@@CHARACTER_SET_RESULTS */;
/*!40101 SET @OLD_COLLATION_CONNECTION=@@COLLATION_CONNECTION */;
/*!40101 SET NAMES utf8 */;

/*!40014 SET @OLD_UNIQUE_CHECKS=@@UNIQUE_CHECKS, UNIQUE_CHECKS=0 */;
/*!40014 SET @OLD_FOREIGN_KEY_CHECKS=@@FOREIGN_KEY_CHECKS, FOREIGN_KEY_CHECKS=0 */;
/*!40101 SET @OLD_SQL_MODE=@@SQL_MODE, SQL_MODE='NO_AUTO_VALUE_ON_ZERO' */;

SET FOREIGN_KEY_CHECKS=0;
--
-- Definition of table `aclgroup`
--

DROP TABLE IF EXISTS `aclgroup`;
CREATE TABLE `aclgroup` (
  `id` int(11) unsigned NOT NULL AUTO_INCREMENT,
  `name` varchar(50) NOT NULL,
  `description` varchar(255) NOT NULL,
  `datecreated` datetime NOT NULL,
  `createdby` int(11) unsigned NOT NULL,
  `lastupdatedate` datetime DEFAULT NULL,
  `lastupdatedby` int(11) unsigned DEFAULT NULL,
  PRIMARY KEY (`id`),
  UNIQUE KEY `unique_name` (`name`)
) ENGINE=InnoDB AUTO_INCREMENT=10 DEFAULT CHARSET=utf8;

--
-- Dumping data for table `aclgroup`
--

/*!40000 ALTER TABLE `aclgroup` DISABLE KEYS */;
INSERT INTO `aclgroup` (`id`,`name`,`description`,`datecreated`,`createdby`,`lastupdatedate`,`lastupdatedby`) VALUES 
 (1,'Super Admin','Highest level with all system functions','2012-09-01 12:00:00',1,'2014-07-29 10:32:22',NULL),
 (2,'Farmer','Farmer role. Main entity','2012-09-01 12:00:00',1,'2014-07-30 07:15:02',NULL),
 (3,'DNA Admin','DNA data clerk and administrator','2012-09-01 12:00:00',1,'2014-07-30 07:17:36',NULL),
 (4,'PIA','Farmer Profiling users','2012-09-01 12:00:00',1,'2014-07-30 07:37:21',NULL),
 (5,'Management','Managerial role','2012-09-01 12:00:00',1,'2014-07-30 07:35:55',NULL),
 (6,'Partner','Farmis Partners','2014-07-01 12:00:00',1,'2014-07-30 07:20:19',NULL),
 (7,'Staff','Infotrade Staff','2014-07-01 12:00:00',1,'2014-07-30 07:39:33',NULL),
 (8,'Admin','Uganda administrator. Restricted admin priviledges','2014-07-01 12:00:00',1,'2014-07-30 07:16:18',NULL),
 (9,'Kenya Admin','Kenya administrator','2014-07-01 12:00:00',1,'2014-07-30 07:19:52',NULL);
/*!40000 ALTER TABLE `aclgroup` ENABLE KEYS */;


--
-- Definition of table `aclpermission`
--

DROP TABLE IF EXISTS `aclpermission`;
CREATE TABLE `aclpermission` (
  `id` int(11) unsigned NOT NULL AUTO_INCREMENT,
  `groupid` int(11) unsigned DEFAULT NULL,
  `resourceid` int(11) unsigned NOT NULL,
  `create` enum('1','0') NOT NULL DEFAULT '0',
  `edit` enum('1','0') NOT NULL DEFAULT '0',
  `view` enum('1','0') NOT NULL DEFAULT '0',
  `list` enum('1','0') NOT NULL DEFAULT '0',
  `delete` enum('1','0') NOT NULL DEFAULT '0',
  `export` enum('1','0') NOT NULL DEFAULT '0',
  `approve` enum('1','0') NOT NULL DEFAULT '0',
  `flag` enum('1','0') NOT NULL DEFAULT '0',
  `datecreated` datetime NOT NULL,
  `createdby` int(11) unsigned NOT NULL,
  `lastupdatedate` datetime DEFAULT NULL,
  `lastupdatedby` int(11) unsigned DEFAULT NULL,
  PRIMARY KEY (`id`),
  KEY `fk_aclpermission_groupid` (`groupid`),
  KEY `fk_aclpermission_resourceid` (`resourceid`),
  CONSTRAINT `fk_aclpermission_groupid` FOREIGN KEY (`groupid`) REFERENCES `aclgroup` (`id`) ON DELETE CASCADE ON UPDATE CASCADE,
  CONSTRAINT `fk_aclpermission_resourceid` FOREIGN KEY (`resourceid`) REFERENCES `aclresource` (`id`) ON DELETE CASCADE ON UPDATE CASCADE
) ENGINE=InnoDB AUTO_INCREMENT=527 DEFAULT CHARSET=utf8;

--
-- Dumping data for table `aclpermission`
--

/*!40000 ALTER TABLE `aclpermission` DISABLE KEYS */;
INSERT INTO `aclpermission` (`id`,`groupid`,`resourceid`,`create`,`edit`,`view`,`list`,`delete`,`export`,`approve`,`flag`,`datecreated`,`createdby`,`lastupdatedate`,`lastupdatedby`) VALUES 
 (2,1,2,'1','1','1','1','1','0','0','0','2014-07-29 10:32:22',1,'2014-07-29 10:32:22',1),
 (3,1,3,'1','1','1','1','1','0','0','0','2014-07-29 10:32:22',1,'2014-07-29 10:32:22',1),
 (4,1,4,'0','0','1','0','0','0','0','0','2014-07-29 10:32:22',1,'2014-07-29 10:32:22',1),
 (5,1,5,'1','1','1','1','1','0','0','0','2014-07-29 10:32:22',1,'2014-07-29 10:32:22',1),
 (6,1,7,'1','1','1','1','0','0','0','0','2014-07-29 10:32:22',1,'2014-07-29 10:32:22',1),
 (7,1,8,'0','0','1','0','0','0','0','0','2014-07-29 10:32:22',1,'2014-07-29 10:32:22',1),
 (8,1,6,'0','0','1','0','0','0','0','0','2014-07-29 10:32:22',1,'2014-07-29 10:32:22',1),
 (9,1,9,'1','1','1','1','1','0','1','0','2014-07-29 10:32:22',1,'2014-07-29 10:32:22',1),
 (10,1,10,'0','0','1','0','0','1','0','0','2014-07-29 10:32:22',1,'2014-07-29 10:32:22',1),
 (11,1,11,'0','0','1','0','0','1','0','0','2014-07-29 10:32:22',1,'2014-07-29 10:32:22',1),
 (12,1,12,'1','1','1','1','1','1','0','0','2014-07-29 10:32:22',1,'2014-07-29 10:32:22',1),
 (13,2,3,'0','1','1','0','0','0','0','0','2014-07-30 07:15:03',1,'2014-07-30 07:15:03',1),
 (14,2,6,'0','0','1','0','0','0','0','0','2014-07-30 07:15:03',1,'2014-07-30 07:15:03',1),
 (15,2,12,'0','1','1','0','0','0','0','0','2014-07-30 07:15:03',1,'2014-07-30 07:15:03',1),
 (16,3,12,'1','1','1','1','0','0','0','0','2014-07-30 07:17:36',1,'2014-07-30 07:17:36',1),
 (17,4,12,'1','1','1','1','0','0','0','0','2014-07-30 07:37:21',1,'2014-07-30 07:37:21',1),
 (18,5,12,'1','1','1','1','1','1','0','0','2014-07-30 07:35:55',1,'2014-07-30 07:35:55',1),
 (19,1,13,'1','1','1','1','1','0','0','0','2014-07-29 10:32:22',1,'2014-07-29 10:32:22',1),
 (20,2,13,'0','0','0','0','0','0','0','0','2014-07-30 07:15:03',1,'2014-07-30 07:15:03',1),
 (21,3,13,'0','1','1','0','0','0','0','0','2014-07-30 07:17:36',1,'2014-07-30 07:17:36',1),
 (22,4,13,'0','0','1','1','0','0','0','0','2014-07-30 07:37:21',1,'2014-07-30 07:37:21',1),
 (23,5,13,'1','1','1','1','1','0','0','0','2014-07-30 07:35:55',1,'2014-07-30 07:35:55',1),
 (29,5,2,'0','0','0','0','0','0','0','0','2014-07-30 07:35:55',1,'2014-07-30 07:35:55',1),
 (30,5,3,'1','1','1','1','1','0','0','0','2014-07-30 07:35:55',1,'2014-07-30 07:35:55',1),
 (31,3,3,'0','1','1','0','0','0','0','0','2014-07-30 07:17:36',1,'2014-07-30 07:17:36',1),
 (32,4,3,'0','1','1','0','0','0','0','0','2014-07-30 07:37:21',1,'2014-07-30 07:37:21',1),
 (33,3,6,'0','0','1','0','0','0','0','0','2014-07-30 07:17:36',1,'2014-07-30 07:17:36',1),
 (34,4,6,'0','0','1','0','0','0','0','0','2014-07-30 07:37:21',1,'2014-07-30 07:37:21',1),
 (35,5,6,'0','0','1','0','0','0','0','0','2014-07-30 07:35:55',1,'2014-07-30 07:35:55',1),
 (36,5,7,'0','0','0','0','0','0','0','0','2014-07-30 07:35:55',1,'2014-07-30 07:35:55',1),
 (38,1,22,'1','1','1','1','1','0','0','0','2014-07-29 10:32:22',1,'2014-07-29 10:32:22',1),
 (39,1,21,'1','1','1','1','1','0','0','0','2014-07-29 10:32:22',1,'2014-07-29 10:32:22',1),
 (40,1,20,'1','1','1','1','1','0','0','0','2014-07-29 10:32:22',1,'2014-07-29 10:32:22',1),
 (41,1,19,'0','0','1','0','0','0','0','0','2014-07-29 10:32:22',1,'2014-07-29 10:32:22',1),
 (42,1,18,'0','0','1','0','0','1','0','0','2014-07-29 10:32:22',1,'2014-07-29 10:32:22',1),
 (43,1,17,'1','1','1','1','1','0','0','0','2014-07-29 10:32:22',1,'2014-07-29 10:32:22',1),
 (44,1,23,'1','1','1','1','1','0','0','0','2014-07-29 10:32:22',1,'2014-07-29 10:32:22',1),
 (48,1,9,'1','1','1','1','1','0','1','','0000-00-00 00:00:00',0,NULL,NULL),
 (50,1,29,'1','1','1','1','1','0','0','0','2014-07-29 10:32:22',1,'2014-07-29 10:32:22',1),
 (51,3,4,'0','0','0','0','0','0','0','0','2014-07-30 07:17:36',1,'2014-07-30 07:17:36',1),
 (52,3,21,'0','0','1','1','0','0','0','0','2014-07-30 07:17:36',1,'2014-07-30 07:17:36',1),
 (53,3,20,'0','0','1','1','0','0','0','0','2014-07-30 07:17:36',1,'2014-07-30 07:17:36',1),
 (55,3,36,'0','0','1','0','0','0','0','0','2014-07-30 07:17:36',1,'2014-07-30 07:17:36',1),
 (56,3,35,'0','0','0','0','0','0','0','0','2014-07-30 07:17:36',1,'2014-07-30 07:17:36',1),
 (57,3,17,'1','1','1','1','0','0','0','0','2014-07-30 07:17:36',1,'2014-07-30 07:17:36',1),
 (58,3,34,'0','0','1','0','0','1','0','0','2014-07-30 07:17:36',1,'2014-07-30 07:17:36',1),
 (59,3,33,'0','0','1','0','0','1','0','0','2014-07-30 07:17:36',1,'2014-07-30 07:17:36',1),
 (60,3,31,'0','0','1','0','0','1','0','0','2014-07-30 07:17:36',1,'2014-07-30 07:17:36',1),
 (61,3,19,'0','0','0','0','0','0','0','0','2014-07-30 07:17:36',1,'2014-07-30 07:17:36',1),
 (62,3,7,'0','0','0','0','0','0','0','0','2014-07-30 07:17:36',1,'2014-07-30 07:17:36',1),
 (63,3,38,'0','0','0','0','0','0','0','0','2014-07-30 07:17:36',1,'2014-07-30 07:17:36',1),
 (65,3,23,'0','0','0','0','0','0','0','0','2014-07-30 07:17:36',1,'2014-07-30 07:17:36',1),
 (66,3,18,'0','0','1','0','0','0','0','0','2014-07-30 07:17:36',1,'2014-07-30 07:17:36',1),
 (67,3,32,'0','0','1','0','0','0','0','0','2014-07-30 07:17:36',1,'2014-07-30 07:17:36',1),
 (68,3,22,'1','1','1','1','0','0','0','0','2014-07-30 07:17:36',1,'2014-07-30 07:17:36',1),
 (69,3,29,'0','0','0','0','0','0','0','0','2014-07-30 07:17:36',1,'2014-07-30 07:17:36',1),
 (70,3,9,'1','1','1','1','0','0','0','0','2014-07-30 07:17:36',1,'2014-07-30 07:17:36',1),
 (71,3,10,'0','0','1','0','0','0','0','0','2014-07-30 07:17:36',1,'2014-07-30 07:17:36',1),
 (73,3,8,'0','0','1','0','0','0','0','0','2014-07-30 07:17:36',1,'2014-07-30 07:17:36',1),
 (74,3,5,'0','0','0','0','0','0','0','0','2014-07-30 07:17:36',1,'2014-07-30 07:17:36',1),
 (75,3,30,'1','1','1','1','1','0','0','0','2014-07-30 07:17:36',1,'2014-07-30 07:17:36',1),
 (78,3,11,'0','0','0','0','0','0','0','0','2014-07-30 07:17:36',1,'2014-07-30 07:17:36',1),
 (79,3,2,'0','0','0','0','0','0','0','0','2014-07-30 07:17:36',1,'2014-07-30 07:17:36',1),
 (81,1,36,'0','0','1','0','0','1','0','0','2014-07-29 10:32:22',1,'2014-07-29 10:32:22',1),
 (82,1,35,'0','0','1','0','0','1','0','0','2014-07-29 10:32:22',1,'2014-07-29 10:32:22',1),
 (83,1,34,'0','0','1','0','0','1','0','0','2014-07-29 10:32:22',1,'2014-07-29 10:32:22',1),
 (84,1,33,'0','0','1','0','0','1','0','0','2014-07-29 10:32:22',1,'2014-07-29 10:32:22',1),
 (85,1,31,'0','0','1','0','0','1','0','0','2014-07-29 10:32:22',1,'2014-07-29 10:32:22',1),
 (86,1,38,'0','0','0','0','0','0','0','0','2014-07-29 10:32:22',1,'2014-07-29 10:32:22',1),
 (87,1,32,'0','0','1','0','0','0','0','0','2014-07-29 10:32:22',1,'2014-07-29 10:32:22',1),
 (89,1,30,'1','1','1','1','1','0','0','0','2014-07-29 10:32:22',1,'2014-07-29 10:32:22',1),
 (91,8,4,'0','0','0','0','0','0','0','0','2014-07-30 07:16:18',1,'2014-07-30 07:16:18',1),
 (92,8,21,'1','1','1','1','1','0','0','0','2014-07-30 07:16:18',1,'2014-07-30 07:16:18',1),
 (93,8,20,'1','1','1','1','1','0','0','0','2014-07-30 07:16:18',1,'2014-07-30 07:16:18',1),
 (95,8,36,'0','0','1','0','0','1','0','0','2014-07-30 07:16:18',1,'2014-07-30 07:16:18',1),
 (96,8,6,'0','0','1','0','0','0','0','0','2014-07-30 07:16:18',1,'2014-07-30 07:16:18',1),
 (97,8,13,'1','1','1','1','1','0','0','0','2014-07-30 07:16:18',1,'2014-07-30 07:16:18',1),
 (98,8,35,'0','0','1','0','0','1','0','0','2014-07-30 07:16:18',1,'2014-07-30 07:16:18',1),
 (99,8,17,'1','1','1','1','1','0','0','0','2014-07-30 07:16:18',1,'2014-07-30 07:16:18',1),
 (100,8,12,'1','1','1','1','1','1','0','0','2014-07-30 07:16:18',1,'2014-07-30 07:16:18',1),
 (101,8,34,'0','0','1','0','0','1','0','0','2014-07-30 07:16:18',1,'2014-07-30 07:16:18',1),
 (102,8,33,'0','0','1','0','0','1','0','0','2014-07-30 07:16:18',1,'2014-07-30 07:16:18',1),
 (103,8,31,'0','0','1','0','0','1','0','0','2014-07-30 07:16:18',1,'2014-07-30 07:16:18',1),
 (104,8,19,'0','0','1','0','0','0','0','0','2014-07-30 07:16:18',1,'2014-07-30 07:16:18',1),
 (105,8,7,'0','0','0','0','0','0','0','0','2014-07-30 07:16:18',1,'2014-07-30 07:16:18',1),
 (106,8,38,'0','0','0','0','0','0','0','0','2014-07-30 07:16:18',1,'2014-07-30 07:16:18',1),
 (108,8,23,'1','1','1','1','1','0','0','0','2014-07-30 07:16:18',1,'2014-07-30 07:16:18',1),
 (109,8,18,'0','0','1','0','0','1','0','0','2014-07-30 07:16:18',1,'2014-07-30 07:16:18',1),
 (110,8,32,'0','0','1','0','0','0','0','0','2014-07-30 07:16:18',1,'2014-07-30 07:16:18',1),
 (111,8,22,'1','1','1','1','1','0','0','0','2014-07-30 07:16:18',1,'2014-07-30 07:16:18',1),
 (112,8,29,'1','1','1','1','1','0','0','0','2014-07-30 07:16:18',1,'2014-07-30 07:16:18',1),
 (113,8,9,'1','1','1','1','1','0','1','0','2014-07-30 07:16:18',1,'2014-07-30 07:16:18',1),
 (114,8,10,'0','0','1','0','0','1','0','0','2014-07-30 07:16:18',1,'2014-07-30 07:16:18',1),
 (116,8,8,'0','0','1','0','0','0','0','0','2014-07-30 07:16:18',1,'2014-07-30 07:16:18',1),
 (117,8,5,'0','0','0','0','0','0','0','0','2014-07-30 07:16:18',1,'2014-07-30 07:16:18',1),
 (118,8,30,'1','1','1','1','1','0','0','0','2014-07-30 07:16:18',1,'2014-07-30 07:16:18',1),
 (121,8,11,'0','0','1','0','0','0','0','0','2014-07-30 07:16:18',1,'2014-07-30 07:16:18',1),
 (122,8,2,'0','0','0','0','0','0','0','0','2014-07-30 07:16:18',1,'2014-07-30 07:16:18',1),
 (123,8,3,'1','1','1','1','1','0','0','0','2014-07-30 07:16:18',1,'2014-07-30 07:16:18',1),
 (125,9,4,'0','0','0','0','0','0','0','0','2014-07-30 07:19:52',1,'2014-07-30 07:19:52',1),
 (126,9,21,'0','0','0','0','0','0','0','0','2014-07-30 07:19:52',1,'2014-07-30 07:19:52',1),
 (127,9,20,'1','1','1','1','1','0','0','0','2014-07-30 07:19:52',1,'2014-07-30 07:19:52',1),
 (129,9,36,'0','0','1','0','0','1','0','0','2014-07-30 07:19:52',1,'2014-07-30 07:19:52',1),
 (130,9,6,'0','0','1','0','0','0','0','0','2014-07-30 07:19:52',1,'2014-07-30 07:19:52',1),
 (131,9,13,'1','1','1','1','1','0','0','0','2014-07-30 07:19:52',1,'2014-07-30 07:19:52',1),
 (132,9,35,'0','0','1','0','0','1','0','0','2014-07-30 07:19:52',1,'2014-07-30 07:19:52',1),
 (133,9,17,'1','1','1','1','1','0','0','0','2014-07-30 07:19:52',1,'2014-07-30 07:19:52',1),
 (134,9,12,'1','1','1','1','1','1','0','0','2014-07-30 07:19:52',1,'2014-07-30 07:19:52',1),
 (135,9,34,'0','0','1','0','0','1','0','0','2014-07-30 07:19:52',1,'2014-07-30 07:19:52',1),
 (136,9,33,'0','0','1','0','0','1','0','0','2014-07-30 07:19:52',1,'2014-07-30 07:19:52',1),
 (137,9,31,'0','0','1','0','0','1','0','0','2014-07-30 07:19:52',1,'2014-07-30 07:19:52',1),
 (138,9,19,'0','0','0','0','0','0','0','0','2014-07-30 07:19:52',1,'2014-07-30 07:19:52',1),
 (139,9,7,'0','0','0','0','0','0','0','0','2014-07-30 07:19:52',1,'2014-07-30 07:19:52',1),
 (140,9,38,'0','0','0','0','0','0','0','1','2014-07-30 07:19:52',1,'2014-07-30 07:19:52',1),
 (142,9,23,'1','1','1','1','1','0','0','0','2014-07-30 07:19:52',1,'2014-07-30 07:19:52',1),
 (143,9,18,'0','0','0','0','0','0','0','0','2014-07-30 07:19:52',1,'2014-07-30 07:19:52',1),
 (144,9,32,'0','0','1','0','0','0','0','0','2014-07-30 07:19:52',1,'2014-07-30 07:19:52',1),
 (145,9,22,'1','1','1','1','1','0','0','0','2014-07-30 07:19:52',1,'2014-07-30 07:19:52',1),
 (146,9,29,'0','0','0','0','0','0','0','0','2014-07-30 07:19:52',1,'2014-07-30 07:19:52',1),
 (147,9,9,'1','1','1','1','1','0','1','0','2014-07-30 07:19:52',1,'2014-07-30 07:19:52',1),
 (148,9,10,'0','0','1','0','0','1','0','0','2014-07-30 07:19:52',1,'2014-07-30 07:19:52',1),
 (150,9,8,'0','0','1','0','0','0','0','0','2014-07-30 07:19:52',1,'2014-07-30 07:19:52',1),
 (151,9,5,'0','0','0','0','0','0','0','0','2014-07-30 07:19:52',1,'2014-07-30 07:19:52',1),
 (152,9,30,'1','1','1','1','1','0','0','0','2014-07-30 07:19:52',1,'2014-07-30 07:19:52',1),
 (155,9,11,'0','0','1','0','0','0','0','0','2014-07-30 07:19:52',1,'2014-07-30 07:19:52',1),
 (156,9,2,'0','0','0','0','0','0','0','0','2014-07-30 07:19:52',1,'2014-07-30 07:19:52',1),
 (157,9,3,'1','1','1','1','0','0','0','0','2014-07-30 07:19:52',1,'2014-07-30 07:19:52',1),
 (159,2,4,'0','0','0','0','0','0','0','0','2014-07-30 07:15:03',1,'2014-07-30 07:15:03',1),
 (160,2,21,'1','1','1','1','0','0','0','0','2014-07-30 07:15:03',1,'2014-07-30 07:15:03',1),
 (161,2,20,'0','0','0','0','0','0','0','0','2014-07-30 07:15:03',1,'2014-07-30 07:15:03',1),
 (163,2,36,'0','0','0','0','0','0','0','0','2014-07-30 07:15:03',1,'2014-07-30 07:15:03',1),
 (164,2,35,'0','0','0','0','0','0','0','0','2014-07-30 07:15:03',1,'2014-07-30 07:15:03',1),
 (165,2,17,'0','0','0','0','0','0','0','0','2014-07-30 07:15:03',1,'2014-07-30 07:15:03',1),
 (166,2,34,'0','0','1','0','0','0','0','0','2014-07-30 07:15:03',1,'2014-07-30 07:15:03',1),
 (167,2,33,'0','0','1','0','0','0','0','0','2014-07-30 07:15:03',1,'2014-07-30 07:15:03',1),
 (168,2,31,'0','0','0','0','0','0','0','0','2014-07-30 07:15:03',1,'2014-07-30 07:15:03',1),
 (169,2,19,'0','0','0','0','0','0','0','0','2014-07-30 07:15:03',1,'2014-07-30 07:15:03',1),
 (170,2,7,'0','0','0','0','0','0','0','0','2014-07-30 07:15:03',1,'2014-07-30 07:15:03',1),
 (171,2,38,'0','0','0','0','0','0','0','0','2014-07-30 07:15:03',1,'2014-07-30 07:15:03',1),
 (173,2,23,'0','0','0','0','0','0','0','0','2014-07-30 07:15:03',1,'2014-07-30 07:15:03',1),
 (174,2,18,'0','0','1','0','0','0','0','0','2014-07-30 07:15:03',1,'2014-07-30 07:15:03',1),
 (175,2,32,'0','0','1','0','0','0','0','0','2014-07-30 07:15:03',1,'2014-07-30 07:15:03',1),
 (176,2,22,'1','1','1','1','0','0','0','0','2014-07-30 07:15:03',1,'2014-07-30 07:15:03',1),
 (177,2,29,'0','0','0','0','0','0','0','0','2014-07-30 07:15:03',1,'2014-07-30 07:15:03',1),
 (178,2,9,'1','0','1','0','0','0','0','0','2014-07-30 07:15:03',1,'2014-07-30 07:15:03',1),
 (179,2,10,'0','0','0','0','0','0','0','0','2014-07-30 07:15:03',1,'2014-07-30 07:15:03',1),
 (181,2,8,'0','0','1','0','0','0','0','0','2014-07-30 07:15:03',1,'2014-07-30 07:15:03',1),
 (182,2,5,'0','0','0','0','0','0','0','0','2014-07-30 07:15:03',1,'2014-07-30 07:15:03',1),
 (183,2,30,'1','1','1','1','1','0','0','0','2014-07-30 07:15:03',1,'2014-07-30 07:15:03',1),
 (186,2,11,'0','0','0','0','0','0','0','0','2014-07-30 07:15:03',1,'2014-07-30 07:15:03',1),
 (187,2,2,'0','0','0','0','0','0','0','0','2014-07-30 07:15:03',1,'2014-07-30 07:15:03',1),
 (189,5,4,'0','0','0','0','0','0','0','0','2014-07-30 07:35:55',1,'2014-07-30 07:35:55',1),
 (190,5,21,'1','1','1','1','1','0','0','0','2014-07-30 07:35:55',1,'2014-07-30 07:35:55',1),
 (191,5,20,'1','1','1','1','1','0','0','0','2014-07-30 07:35:55',1,'2014-07-30 07:35:55',1),
 (193,5,36,'0','0','1','0','0','1','0','0','2014-07-30 07:35:55',1,'2014-07-30 07:35:55',1),
 (194,5,35,'0','0','1','0','0','0','0','0','2014-07-30 07:35:55',1,'2014-07-30 07:35:55',1),
 (195,5,17,'1','1','1','1','1','0','0','0','2014-07-30 07:35:55',1,'2014-07-30 07:35:55',1),
 (196,5,34,'0','0','1','0','0','1','0','0','2014-07-30 07:35:55',1,'2014-07-30 07:35:55',1),
 (197,5,33,'0','0','1','0','0','1','0','0','2014-07-30 07:35:55',1,'2014-07-30 07:35:55',1),
 (198,5,31,'0','0','1','0','0','1','0','0','2014-07-30 07:35:55',1,'2014-07-30 07:35:55',1),
 (199,5,19,'0','0','1','0','0','0','0','0','2014-07-30 07:35:55',1,'2014-07-30 07:35:55',1),
 (200,5,38,'0','0','0','0','0','0','0','0','2014-07-30 07:35:55',1,'2014-07-30 07:35:55',1),
 (202,5,23,'1','1','1','1','1','0','0','0','2014-07-30 07:35:55',1,'2014-07-30 07:35:55',1),
 (203,5,18,'0','0','1','0','0','1','0','0','2014-07-30 07:35:55',1,'2014-07-30 07:35:55',1),
 (204,5,32,'0','0','1','0','0','0','0','0','2014-07-30 07:35:55',1,'2014-07-30 07:35:55',1),
 (205,5,22,'1','1','1','1','1','0','0','0','2014-07-30 07:35:55',1,'2014-07-30 07:35:55',1),
 (206,5,29,'1','1','1','1','1','0','0','0','2014-07-30 07:35:55',1,'2014-07-30 07:35:55',1),
 (207,5,9,'1','1','1','1','1','0','1','0','2014-07-30 07:35:55',1,'2014-07-30 07:35:55',1),
 (208,5,10,'0','0','1','0','0','1','0','0','2014-07-30 07:35:55',1,'2014-07-30 07:35:55',1),
 (210,5,8,'0','0','1','0','0','0','0','0','2014-07-30 07:35:55',1,'2014-07-30 07:35:55',1),
 (211,5,5,'0','0','0','0','0','0','0','0','2014-07-30 07:35:55',1,'2014-07-30 07:35:55',1),
 (212,5,30,'1','1','1','1','1','0','0','0','2014-07-30 07:35:55',1,'2014-07-30 07:35:55',1),
 (215,5,11,'0','0','1','0','0','1','0','0','2014-07-30 07:35:55',1,'2014-07-30 07:35:55',1),
 (217,6,4,'0','0','0','0','0','0','0','0','2014-07-30 07:20:19',1,'2014-07-30 07:20:19',1),
 (218,6,21,'0','0','0','0','0','0','0','0','2014-07-30 07:20:19',1,'2014-07-30 07:20:19',1),
 (219,6,20,'0','0','0','0','0','0','0','0','2014-07-30 07:20:19',1,'2014-07-30 07:20:19',1),
 (221,6,36,'0','0','1','0','0','0','0','0','2014-07-30 07:20:19',1,'2014-07-30 07:20:19',1),
 (222,6,6,'0','0','1','0','0','0','0','0','2014-07-30 07:20:19',1,'2014-07-30 07:20:19',1),
 (223,6,13,'0','0','1','1','0','0','0','0','2014-07-30 07:20:19',1,'2014-07-30 07:20:19',1),
 (224,6,35,'0','0','1','0','0','0','0','0','2014-07-30 07:20:19',1,'2014-07-30 07:20:19',1),
 (225,6,17,'0','0','1','1','0','0','0','0','2014-07-30 07:20:19',1,'2014-07-30 07:20:19',1),
 (226,6,12,'0','0','1','1','0','0','0','0','2014-07-30 07:20:19',1,'2014-07-30 07:20:19',1),
 (227,6,34,'0','0','0','0','0','0','0','0','2014-07-30 07:20:19',1,'2014-07-30 07:20:19',1),
 (228,6,33,'0','0','0','0','0','0','0','0','2014-07-30 07:20:19',1,'2014-07-30 07:20:19',1),
 (229,6,31,'0','0','1','0','0','0','0','0','2014-07-30 07:20:19',1,'2014-07-30 07:20:19',1),
 (230,6,19,'0','0','1','0','0','0','0','0','2014-07-30 07:20:19',1,'2014-07-30 07:20:19',1),
 (231,6,7,'0','0','0','0','0','0','0','0','2014-07-30 07:20:19',1,'2014-07-30 07:20:19',1),
 (232,6,38,'0','0','0','0','0','0','0','0','2014-07-30 07:20:19',1,'2014-07-30 07:20:19',1),
 (234,6,23,'0','0','0','0','0','0','0','0','2014-07-30 07:20:19',1,'2014-07-30 07:20:19',1),
 (235,6,18,'0','0','1','0','0','0','0','0','2014-07-30 07:20:19',1,'2014-07-30 07:20:19',1),
 (236,6,32,'0','0','0','0','0','0','0','0','2014-07-30 07:20:19',1,'2014-07-30 07:20:19',1),
 (237,6,22,'1','1','1','1','0','0','0','0','2014-07-30 07:20:19',1,'2014-07-30 07:20:19',1),
 (238,6,29,'0','1','1','0','0','0','0','0','2014-07-30 07:20:19',1,'2014-07-30 07:20:19',1),
 (239,6,9,'0','0','0','0','0','0','0','0','2014-07-30 07:20:19',1,'2014-07-30 07:20:19',1),
 (240,6,10,'0','0','0','0','0','0','0','0','2014-07-30 07:20:19',1,'2014-07-30 07:20:19',1),
 (242,6,8,'0','0','1','0','0','0','0','0','2014-07-30 07:20:19',1,'2014-07-30 07:20:19',1),
 (243,6,5,'0','0','0','0','0','0','0','0','2014-07-30 07:20:19',1,'2014-07-30 07:20:19',1),
 (244,6,30,'0','0','1','1','0','0','0','0','2014-07-30 07:20:19',1,'2014-07-30 07:20:19',1),
 (247,6,11,'0','0','0','0','0','0','0','0','2014-07-30 07:20:19',1,'2014-07-30 07:20:19',1),
 (248,6,2,'0','0','0','0','0','0','0','0','2014-07-30 07:20:19',1,'2014-07-30 07:20:19',1),
 (249,6,3,'0','1','1','0','0','0','0','0','2014-07-30 07:20:19',1,'2014-07-30 07:20:19',1),
 (251,4,4,'0','0','0','0','0','0','0','0','2014-07-30 07:37:21',1,'2014-07-30 07:37:21',1),
 (252,4,21,'0','0','1','1','0','0','0','0','2014-07-30 07:37:21',1,'2014-07-30 07:37:21',1),
 (253,4,20,'0','0','1','1','0','0','0','0','2014-07-30 07:37:21',1,'2014-07-30 07:37:21',1),
 (255,4,36,'0','0','0','0','0','0','0','0','2014-07-30 07:37:21',1,'2014-07-30 07:37:21',1),
 (256,4,35,'0','0','0','0','0','0','0','0','2014-07-30 07:37:21',1,'2014-07-30 07:37:21',1),
 (257,4,17,'1','1','1','1','0','0','0','0','2014-07-30 07:37:21',1,'2014-07-30 07:37:21',1),
 (258,4,34,'0','0','1','0','0','1','0','0','2014-07-30 07:37:21',1,'2014-07-30 07:37:21',1),
 (259,4,33,'0','0','1','0','0','1','0','0','2014-07-30 07:37:21',1,'2014-07-30 07:37:21',1),
 (260,4,31,'0','0','1','0','0','1','0','0','2014-07-30 07:37:21',1,'2014-07-30 07:37:21',1),
 (261,4,19,'0','0','0','0','0','0','0','0','2014-07-30 07:37:21',1,'2014-07-30 07:37:21',1),
 (262,4,7,'0','0','0','0','0','0','0','0','2014-07-30 07:37:21',1,'2014-07-30 07:37:21',1),
 (263,4,38,'0','0','0','0','0','0','0','0','2014-07-30 07:37:21',1,'2014-07-30 07:37:21',1),
 (265,4,23,'0','0','1','1','0','0','0','0','2014-07-30 07:37:21',1,'2014-07-30 07:37:21',1),
 (266,4,18,'0','0','1','0','0','0','0','0','2014-07-30 07:37:21',1,'2014-07-30 07:37:21',1),
 (267,4,32,'0','0','1','0','0','0','0','0','2014-07-30 07:37:21',1,'2014-07-30 07:37:21',1),
 (268,4,22,'1','1','1','1','0','0','0','0','2014-07-30 07:37:21',1,'2014-07-30 07:37:21',1),
 (269,4,29,'0','0','0','0','0','0','0','0','2014-07-30 07:37:21',1,'2014-07-30 07:37:21',1),
 (270,4,9,'1','1','1','1','0','0','0','0','2014-07-30 07:37:21',1,'2014-07-30 07:37:21',1),
 (271,4,10,'0','0','1','0','0','0','0','0','2014-07-30 07:37:21',1,'2014-07-30 07:37:21',1),
 (273,4,8,'0','0','1','0','0','0','0','0','2014-07-30 07:37:21',1,'2014-07-30 07:37:21',1),
 (274,4,5,'0','0','0','0','0','0','0','0','2014-07-30 07:37:21',1,'2014-07-30 07:37:21',1),
 (275,4,30,'1','1','1','1','1','0','0','0','2014-07-30 07:37:21',1,'2014-07-30 07:37:21',1),
 (278,4,11,'0','0','0','0','0','0','0','0','2014-07-30 07:37:21',1,'2014-07-30 07:37:21',1),
 (279,4,2,'0','0','0','0','0','0','0','0','2014-07-30 07:37:21',1,'2014-07-30 07:37:21',1),
 (281,7,4,'0','0','0','0','0','0','0','0','2014-07-30 07:39:34',1,'2014-07-30 07:39:34',1),
 (282,7,21,'1','1','1','1','0','0','0','0','2014-07-30 07:39:34',1,'2014-07-30 07:39:34',1),
 (283,7,20,'0','0','1','1','0','0','0','0','2014-07-30 07:39:34',1,'2014-07-30 07:39:34',1),
 (285,7,36,'0','0','1','0','0','1','0','0','2014-07-30 07:39:34',1,'2014-07-30 07:39:34',1),
 (286,7,6,'0','0','1','0','0','0','0','0','2014-07-30 07:39:34',1,'2014-07-30 07:39:34',1),
 (287,7,13,'0','0','1','1','0','0','0','0','2014-07-30 07:39:34',1,'2014-07-30 07:39:34',1),
 (288,7,35,'0','0','1','0','0','0','0','0','2014-07-30 07:39:34',1,'2014-07-30 07:39:34',1),
 (289,7,17,'1','1','1','1','1','0','0','0','2014-07-30 07:39:34',1,'2014-07-30 07:39:34',1),
 (290,7,12,'1','1','1','1','0','1','0','0','2014-07-30 07:39:34',1,'2014-07-30 07:39:34',1),
 (291,7,34,'0','0','1','0','0','1','0','0','2014-07-30 07:39:34',1,'2014-07-30 07:39:34',1),
 (292,7,33,'0','0','1','0','0','1','0','0','2014-07-30 07:39:34',1,'2014-07-30 07:39:34',1),
 (293,7,31,'0','0','1','0','0','1','0','0','2014-07-30 07:39:34',1,'2014-07-30 07:39:34',1),
 (294,7,19,'0','0','1','0','0','0','0','0','2014-07-30 07:39:34',1,'2014-07-30 07:39:34',1),
 (295,7,7,'0','0','0','0','0','0','0','0','2014-07-30 07:39:34',1,'2014-07-30 07:39:34',1),
 (296,7,38,'0','0','0','0','0','0','0','0','2014-07-30 07:39:34',1,'2014-07-30 07:39:34',1),
 (298,7,23,'1','1','1','1','1','0','0','0','2014-07-30 07:39:34',1,'2014-07-30 07:39:34',1),
 (299,7,18,'0','0','1','0','0','0','0','0','2014-07-30 07:39:34',1,'2014-07-30 07:39:34',1),
 (300,7,32,'0','0','1','0','0','0','0','0','2014-07-30 07:39:34',1,'2014-07-30 07:39:34',1),
 (301,7,22,'1','1','1','1','1','0','0','0','2014-07-30 07:39:34',1,'2014-07-30 07:39:34',1),
 (302,7,29,'0','0','1','1','0','0','0','0','2014-07-30 07:39:34',1,'2014-07-30 07:39:34',1),
 (303,7,9,'1','1','1','1','0','0','0','0','2014-07-30 07:39:34',1,'2014-07-30 07:39:34',1),
 (304,7,10,'0','0','1','0','0','0','0','0','2014-07-30 07:39:34',1,'2014-07-30 07:39:34',1),
 (306,7,8,'0','0','1','0','0','0','0','0','2014-07-30 07:39:34',1,'2014-07-30 07:39:34',1),
 (307,7,5,'0','0','0','0','0','0','0','0','2014-07-30 07:39:34',1,'2014-07-30 07:39:34',1),
 (308,7,30,'1','1','1','1','1','0','0','0','2014-07-30 07:39:34',1,'2014-07-30 07:39:34',1),
 (311,7,11,'0','0','1','0','0','1','0','0','2014-07-30 07:39:34',1,'2014-07-30 07:39:34',1),
 (312,7,2,'0','0','0','0','0','0','0','0','2014-07-30 07:39:34',1,'2014-07-30 07:39:34',1),
 (313,7,3,'0','1','1','1','0','0','0','0','2014-07-30 07:39:34',1,'2014-07-30 07:39:34',1),
 (315,8,28,'1','1','1','1','1','0','0','0','2014-07-30 07:16:18',1,'2014-07-30 07:16:18',1),
 (316,8,27,'0','0','0','0','0','0','0','1','2014-07-30 07:16:18',1,'2014-07-30 07:16:18',1),
 (317,8,37,'0','0','1','0','0','1','0','0','2014-07-30 07:16:18',1,'2014-07-30 07:16:18',1),
 (318,8,25,'0','0','0','0','0','0','0','1','2014-07-30 07:16:18',1,'2014-07-30 07:16:18',1),
 (319,8,26,'0','0','0','0','0','0','0','1','2014-07-30 07:16:18',1,'2014-07-30 07:16:18',1),
 (320,8,24,'0','0','1','0','0','0','0','0','2014-07-30 07:16:18',1,'2014-07-30 07:16:18',1),
 (321,3,28,'0','0','1','1','0','0','0','0','2014-07-30 07:17:36',1,'2014-07-30 07:17:36',1),
 (322,3,27,'0','0','0','0','0','0','0','0','2014-07-30 07:17:36',1,'2014-07-30 07:17:36',1),
 (323,3,37,'0','0','0','0','0','0','0','0','2014-07-30 07:17:36',1,'2014-07-30 07:17:36',1),
 (324,3,25,'0','0','0','0','0','0','0','0','2014-07-30 07:17:36',1,'2014-07-30 07:17:36',1),
 (325,3,26,'0','0','0','0','0','0','0','0','2014-07-30 07:17:36',1,'2014-07-30 07:17:36',1),
 (326,3,24,'0','0','1','0','0','0','0','0','2014-07-30 07:17:36',1,'2014-07-30 07:17:36',1),
 (327,2,28,'0','0','1','1','0','0','0','0','2014-07-30 07:15:03',1,'2014-07-30 07:15:03',1),
 (328,2,27,'0','0','0','0','0','0','0','0','2014-07-30 07:15:03',1,'2014-07-30 07:15:03',1),
 (329,2,37,'0','0','0','0','0','0','0','0','2014-07-30 07:15:03',1,'2014-07-30 07:15:03',1),
 (330,2,25,'0','0','0','0','0','0','0','0','2014-07-30 07:15:03',1,'2014-07-30 07:15:03',1),
 (331,2,26,'0','0','0','0','0','0','0','0','2014-07-30 07:15:03',1,'2014-07-30 07:15:03',1),
 (332,2,24,'0','0','1','0','0','0','0','0','2014-07-30 07:15:03',1,'2014-07-30 07:15:03',1),
 (333,9,28,'0','0','0','0','0','0','0','0','2014-07-30 07:19:52',1,'2014-07-30 07:19:52',1),
 (334,9,27,'0','0','0','0','0','0','0','0','2014-07-30 07:19:52',1,'2014-07-30 07:19:52',1),
 (335,9,37,'0','0','1','0','0','1','0','0','2014-07-30 07:19:52',1,'2014-07-30 07:19:52',1),
 (336,9,25,'0','0','0','0','0','0','0','0','2014-07-30 07:19:52',1,'2014-07-30 07:19:52',1),
 (337,9,26,'0','0','0','0','0','0','0','0','2014-07-30 07:19:52',1,'2014-07-30 07:19:52',1),
 (338,9,24,'0','0','1','0','0','0','0','0','2014-07-30 07:19:52',1,'2014-07-30 07:19:52',1),
 (339,1,28,'1','1','1','1','1','0','0','0','2014-07-29 10:32:22',1,'2014-07-29 10:32:22',1),
 (340,1,27,'0','0','0','0','0','0','0','1','2014-07-29 10:32:22',1,'2014-07-29 10:32:22',1),
 (341,1,37,'0','0','1','0','0','1','0','0','2014-07-29 10:32:22',1,'2014-07-29 10:32:22',1),
 (342,1,25,'0','0','0','0','0','0','0','1','2014-07-29 10:32:22',1,'2014-07-29 10:32:22',1),
 (343,1,26,'0','0','0','0','0','0','0','1','2014-07-29 10:32:22',1,'2014-07-29 10:32:22',1),
 (344,1,24,'0','0','1','0','0','0','0','0','2014-07-29 10:32:22',1,'2014-07-29 10:32:22',1),
 (345,7,28,'1','1','1','1','1','0','0','0','2014-07-30 07:39:34',1,'2014-07-30 07:39:34',1),
 (346,7,27,'0','0','0','0','0','0','0','0','2014-07-30 07:39:34',1,'2014-07-30 07:39:34',1),
 (347,7,37,'0','0','1','0','0','1','0','0','2014-07-30 07:39:34',1,'2014-07-30 07:39:34',1),
 (348,7,25,'0','0','0','0','0','0','0','0','2014-07-30 07:39:34',1,'2014-07-30 07:39:34',1),
 (349,7,26,'0','0','0','0','0','0','0','0','2014-07-30 07:39:34',1,'2014-07-30 07:39:34',1),
 (350,7,24,'0','0','1','0','0','0','0','0','2014-07-30 07:39:34',1,'2014-07-30 07:39:34',1),
 (351,4,28,'0','0','1','1','0','0','0','0','2014-07-30 07:37:21',1,'2014-07-30 07:37:21',1),
 (352,4,27,'0','0','0','0','0','0','0','0','2014-07-30 07:37:21',1,'2014-07-30 07:37:21',1),
 (353,4,37,'0','0','0','0','0','0','0','0','2014-07-30 07:37:21',1,'2014-07-30 07:37:21',1),
 (354,4,25,'0','0','0','0','0','0','0','0','2014-07-30 07:37:21',1,'2014-07-30 07:37:21',1),
 (355,4,26,'0','0','0','0','0','0','0','0','2014-07-30 07:37:21',1,'2014-07-30 07:37:21',1),
 (356,4,24,'0','0','1','0','0','0','0','0','2014-07-30 07:37:21',1,'2014-07-30 07:37:21',1),
 (357,6,28,'0','0','0','0','0','0','0','0','2014-07-30 07:20:19',1,'2014-07-30 07:20:19',1),
 (358,6,27,'0','0','0','0','0','0','0','0','2014-07-30 07:20:19',1,'2014-07-30 07:20:19',1),
 (359,6,37,'0','0','0','0','0','0','0','0','2014-07-30 07:20:19',1,'2014-07-30 07:20:19',1),
 (360,6,25,'0','0','0','0','0','0','0','0','2014-07-30 07:20:19',1,'2014-07-30 07:20:19',1),
 (361,6,26,'0','0','0','0','0','0','0','0','2014-07-30 07:20:19',1,'2014-07-30 07:20:19',1),
 (362,6,24,'0','0','1','0','0','0','0','0','2014-07-30 07:20:19',1,'2014-07-30 07:20:19',1),
 (363,5,28,'1','1','1','1','1','0','0','0','2014-07-30 07:35:55',1,'2014-07-30 07:35:55',1),
 (364,5,27,'0','0','0','0','0','0','0','1','2014-07-30 07:35:55',1,'2014-07-30 07:35:55',1),
 (365,5,37,'0','0','1','0','0','1','0','0','2014-07-30 07:35:55',1,'2014-07-30 07:35:55',1),
 (366,5,25,'0','0','0','0','0','0','0','1','2014-07-30 07:35:55',1,'2014-07-30 07:35:55',1),
 (367,5,26,'0','0','0','0','0','0','0','1','2014-07-30 07:35:55',1,'2014-07-30 07:35:55',1),
 (368,5,24,'0','0','1','0','0','0','0','0','2014-07-30 07:35:55',1,'2014-07-30 07:35:55',1),
 (437,2,39,'0','0','0','0','0','0','0','0','2014-07-30 07:15:03',1,'2014-07-30 07:15:03',1),
 (438,2,40,'0','0','0','0','0','0','0','0','2014-07-30 07:15:03',1,'2014-07-30 07:15:03',1),
 (439,1,39,'0','0','1','0','0','0','0','0','2014-07-29 10:32:22',1,'2014-07-29 10:32:22',1),
 (440,1,40,'0','0','1','0','0','0','0','0','2014-07-29 10:32:22',1,'2014-07-29 10:32:22',1),
 (441,1,41,'0','0','1','0','0','1','0','0','2014-07-29 10:32:22',1,'2014-07-29 10:32:22',1),
 (442,1,42,'0','0','1','0','0','0','0','0','2014-07-29 10:32:22',1,'2014-07-29 10:32:22',1),
 (443,2,41,'0','0','0','0','0','0','0','0','2014-07-30 07:15:03',1,'2014-07-30 07:15:03',1),
 (444,2,42,'0','0','1','0','0','0','0','0','2014-07-30 07:15:03',1,'2014-07-30 07:15:03',1),
 (445,6,39,'0','0','1','0','0','0','0','0','2014-07-30 07:20:19',1,'2014-07-30 07:20:19',1),
 (446,6,40,'0','0','1','0','0','0','0','0','2014-07-30 07:20:19',1,'2014-07-30 07:20:19',1),
 (447,6,41,'0','0','1','0','0','0','0','0','2014-07-30 07:20:19',1,'2014-07-30 07:20:19',1),
 (448,6,42,'0','0','0','0','0','0','0','0','2014-07-30 07:20:19',1,'2014-07-30 07:20:19',1),
 (449,1,47,'0','0','1','0','0','0','0','0','2014-07-29 10:32:22',1,'2014-07-29 10:32:22',1),
 (450,1,43,'1','1','1','1','1','0','0','0','2014-07-29 10:32:22',1,'2014-07-29 10:32:22',1),
 (451,1,45,'1','1','1','1','1','0','0','0','2014-07-29 10:32:22',1,'2014-07-29 10:32:22',1),
 (452,1,46,'1','1','1','1','1','0','0','0','2014-07-29 10:32:22',1,'2014-07-29 10:32:22',1),
 (453,1,44,'1','1','1','1','1','0','0','0','2014-07-29 10:32:22',1,'2014-07-29 10:32:22',1),
 (454,1,48,'1','1','1','1','1','0','0','0','2014-07-29 10:32:22',1,'2014-07-29 10:32:22',1),
 (455,6,47,'0','0','1','0','0','0','0','0','2014-07-30 07:20:19',1,'2014-07-30 07:20:19',1),
 (456,6,43,'0','0','1','1','0','0','0','0','2014-07-30 07:20:19',1,'2014-07-30 07:20:19',1),
 (457,6,45,'0','0','1','1','0','0','0','0','2014-07-30 07:20:19',1,'2014-07-30 07:20:19',1),
 (458,6,46,'0','0','1','1','0','0','0','0','2014-07-30 07:20:19',1,'2014-07-30 07:20:19',1),
 (459,6,44,'0','0','1','1','0','0','0','0','2014-07-30 07:20:19',1,'2014-07-30 07:20:19',1),
 (460,6,48,'0','0','1','1','0','0','0','0','2014-07-30 07:20:19',1,'2014-07-30 07:20:19',1),
 (461,2,47,'0','0','1','0','0','0','0','0','2014-07-30 07:15:03',1,NULL,NULL),
 (462,2,43,'1','1','1','1','1','0','0','0','2014-07-30 07:15:03',1,NULL,NULL),
 (463,2,45,'1','1','1','1','1','0','0','0','2014-07-30 07:15:03',1,NULL,NULL),
 (464,2,46,'1','1','1','1','1','0','0','0','2014-07-30 07:15:03',1,NULL,NULL),
 (465,2,44,'1','1','1','1','1','0','0','0','2014-07-30 07:15:03',1,NULL,NULL),
 (466,2,48,'1','1','1','1','1','0','0','0','2014-07-30 07:15:03',1,NULL,NULL),
 (467,8,39,'0','0','1','0','0','0','0','0','2014-07-30 07:16:18',1,NULL,NULL),
 (468,8,40,'0','0','1','0','0','0','0','0','2014-07-30 07:16:18',1,NULL,NULL),
 (469,8,41,'0','0','1','0','0','1','0','0','2014-07-30 07:16:18',1,NULL,NULL),
 (470,8,47,'0','0','1','0','0','0','0','0','2014-07-30 07:16:18',1,NULL,NULL),
 (471,8,43,'1','1','1','1','1','0','0','0','2014-07-30 07:16:18',1,NULL,NULL),
 (472,8,45,'1','1','1','1','1','0','0','0','2014-07-30 07:16:18',1,NULL,NULL),
 (473,8,46,'1','1','1','1','1','0','0','0','2014-07-30 07:16:18',1,NULL,NULL),
 (474,8,44,'1','1','1','1','1','0','0','0','2014-07-30 07:16:18',1,NULL,NULL),
 (475,8,48,'1','1','1','1','1','0','0','0','2014-07-30 07:16:18',1,NULL,NULL),
 (476,8,42,'0','0','1','0','0','0','0','0','2014-07-30 07:16:18',1,NULL,NULL),
 (477,3,39,'0','0','0','0','0','0','0','0','2014-07-30 07:17:36',1,NULL,NULL),
 (478,3,40,'0','0','0','0','0','0','0','0','2014-07-30 07:17:36',1,NULL,NULL),
 (479,3,41,'0','0','0','0','0','0','0','0','2014-07-30 07:17:36',1,NULL,NULL),
 (480,3,47,'0','0','1','0','0','0','0','0','2014-07-30 07:17:36',1,NULL,NULL),
 (481,3,43,'1','1','1','1','1','0','0','0','2014-07-30 07:17:36',1,NULL,NULL),
 (482,3,45,'1','1','1','1','1','0','0','0','2014-07-30 07:17:36',1,NULL,NULL),
 (483,3,46,'1','1','1','1','1','0','0','0','2014-07-30 07:17:36',1,NULL,NULL),
 (484,3,44,'1','1','1','1','1','0','0','0','2014-07-30 07:17:36',1,NULL,NULL),
 (485,3,48,'1','1','1','1','1','0','0','0','2014-07-30 07:17:36',1,NULL,NULL),
 (486,3,42,'0','0','1','0','0','0','0','0','2014-07-30 07:17:36',1,NULL,NULL),
 (487,9,39,'0','0','0','0','0','0','0','0','2014-07-30 07:19:52',1,NULL,NULL),
 (488,9,40,'0','0','0','0','0','0','0','0','2014-07-30 07:19:52',1,NULL,NULL),
 (489,9,41,'0','0','0','0','0','1','0','0','2014-07-30 07:19:52',1,NULL,NULL),
 (490,9,47,'0','0','1','0','0','0','0','0','2014-07-30 07:19:52',1,NULL,NULL),
 (491,9,43,'1','1','1','1','1','0','0','0','2014-07-30 07:19:52',1,NULL,NULL),
 (492,9,45,'1','1','1','1','1','0','0','0','2014-07-30 07:19:52',1,NULL,NULL),
 (493,9,46,'1','1','1','1','1','0','0','0','2014-07-30 07:19:52',1,NULL,NULL),
 (494,9,44,'1','1','1','1','1','0','0','0','2014-07-30 07:19:52',1,NULL,NULL),
 (495,9,48,'1','1','1','1','1','0','0','0','2014-07-30 07:19:52',1,NULL,NULL),
 (496,9,42,'0','0','1','0','0','0','0','0','2014-07-30 07:19:52',1,NULL,NULL),
 (497,5,39,'0','0','1','0','0','0','0','0','2014-07-30 07:35:55',1,NULL,NULL),
 (498,5,40,'0','0','1','0','0','0','0','0','2014-07-30 07:35:55',1,NULL,NULL),
 (499,5,41,'0','0','1','0','0','1','0','0','2014-07-30 07:35:55',1,NULL,NULL),
 (500,5,47,'0','0','1','0','0','0','0','0','2014-07-30 07:35:55',1,NULL,NULL),
 (501,5,43,'1','1','1','1','1','0','0','0','2014-07-30 07:35:55',1,NULL,NULL),
 (502,5,45,'1','1','1','1','1','0','0','0','2014-07-30 07:35:55',1,NULL,NULL),
 (503,5,46,'1','1','1','1','1','0','0','0','2014-07-30 07:35:55',1,NULL,NULL),
 (504,5,44,'1','1','1','1','1','0','0','0','2014-07-30 07:35:55',1,NULL,NULL),
 (505,5,48,'1','1','1','1','1','0','0','0','2014-07-30 07:35:55',1,NULL,NULL),
 (506,5,42,'0','0','0','0','0','0','0','0','2014-07-30 07:35:55',1,NULL,NULL),
 (507,4,39,'0','0','0','0','0','0','0','0','2014-07-30 07:37:21',1,NULL,NULL),
 (508,4,40,'0','0','0','0','0','0','0','0','2014-07-30 07:37:21',1,NULL,NULL),
 (509,4,41,'0','0','0','0','0','0','0','0','2014-07-30 07:37:21',1,NULL,NULL),
 (510,4,47,'0','0','1','0','0','0','0','0','2014-07-30 07:37:21',1,NULL,NULL),
 (511,4,43,'1','1','1','1','1','0','0','0','2014-07-30 07:37:21',1,NULL,NULL),
 (512,4,45,'1','1','1','1','1','0','0','0','2014-07-30 07:37:21',1,NULL,NULL),
 (513,4,46,'1','1','1','1','1','0','0','0','2014-07-30 07:37:21',1,NULL,NULL),
 (514,4,44,'1','1','1','1','1','0','0','0','2014-07-30 07:37:21',1,NULL,NULL),
 (515,4,48,'1','1','1','1','1','0','0','0','2014-07-30 07:37:21',1,NULL,NULL),
 (516,4,42,'0','0','1','0','0','0','0','0','2014-07-30 07:37:21',1,NULL,NULL),
 (517,7,39,'0','0','1','0','0','0','0','0','2014-07-30 07:39:34',1,NULL,NULL),
 (518,7,40,'0','0','1','0','0','0','0','0','2014-07-30 07:39:34',1,NULL,NULL),
 (519,7,41,'0','0','1','0','0','1','0','0','2014-07-30 07:39:34',1,NULL,NULL),
 (520,7,47,'0','0','1','0','0','0','0','0','2014-07-30 07:39:34',1,NULL,NULL),
 (521,7,43,'1','1','1','1','1','0','0','0','2014-07-30 07:39:34',1,NULL,NULL),
 (522,7,45,'1','1','1','1','1','0','0','0','2014-07-30 07:39:34',1,NULL,NULL),
 (523,7,46,'1','1','1','1','1','0','0','0','2014-07-30 07:39:34',1,NULL,NULL),
 (524,7,44,'1','1','1','1','1','0','0','0','2014-07-30 07:39:34',1,NULL,NULL),
 (525,7,48,'1','1','1','1','1','0','0','0','2014-07-30 07:39:34',1,NULL,NULL),
 (526,7,42,'0','0','1','0','0','0','0','0','2014-07-30 07:39:34',1,NULL,NULL);
/*!40000 ALTER TABLE `aclpermission` ENABLE KEYS */;


--
-- Definition of table `aclresource`
--

DROP TABLE IF EXISTS `aclresource`;
CREATE TABLE `aclresource` (
  `id` int(11) unsigned NOT NULL AUTO_INCREMENT,
  `name` varchar(50) NOT NULL,
  `description` varchar(255) NOT NULL,
  `create` enum('1','0') NOT NULL DEFAULT '0',
  `edit` enum('1','0') NOT NULL DEFAULT '0',
  `view` enum('1','0') NOT NULL DEFAULT '0',
  `list` enum('1','0') NOT NULL DEFAULT '0',
  `delete` enum('1','0') NOT NULL DEFAULT '0',
  `approve` enum('1','0') NOT NULL DEFAULT '0',
  `export` enum('1','0') NOT NULL DEFAULT '0',
  `flag` enum('1','0') NOT NULL DEFAULT '0',
  `datecreated` datetime NOT NULL,
  `createdby` int(11) unsigned NOT NULL,
  `lastupdatedate` datetime DEFAULT NULL,
  `lastupdatedby` int(11) unsigned DEFAULT NULL,
  PRIMARY KEY (`id`)
) ENGINE=InnoDB AUTO_INCREMENT=49 DEFAULT CHARSET=utf8;

--
-- Dumping data for table `aclresource`
--

/*!40000 ALTER TABLE `aclresource` DISABLE KEYS */;
INSERT INTO `aclresource` (`id`,`name`,`description`,`create`,`edit`,`view`,`list`,`delete`,`approve`,`export`,`flag`,`datecreated`,`createdby`,`lastupdatedate`,`lastupdatedby`) VALUES 
 (2,'System Variables','Values for the lookup type','1','1','1','1','1','0','0','0','2012-03-01 12:00:00',1,NULL,NULL),
 (3,'User Account','A user within the application','1','1','1','1','1','0','0','0','2012-03-01 12:00:00',1,NULL,NULL),
 (4,'Audit Trail','Log of selected transactions within the application','0','0','1','0','0','0','0','0','2012-03-01 12:00:00',1,NULL,NULL),
 (5,'Role','Actions a member can execute on resources','1','1','1','1','1','0','0','0','2012-03-01 12:00:00',1,NULL,NULL),
 (6,'Dashboard','user dashboard','0','0','1','0','0','0','0','0','2012-03-01 12:00:00',1,NULL,NULL),
 (7,'Global Config','Application Administration','1','1','1','1','0','0','0','0','2012-03-01 12:00:00',1,NULL,NULL),
 (8,'Report Dashboard','The different reports in the Application','0','0','1','0','0','0','0','0','2012-03-01 12:00:00',1,NULL,NULL),
 (9,'Payments','Billing and payment information','1','1','1','1','1','1','0','0','2012-03-01 12:00:00',1,NULL,NULL),
 (10,'Payments Report','Payments Report','0','0','1','0','0','0','1','0','2012-03-01 12:00:00',1,NULL,NULL),
 (11,'Subscription Report','Subscriptions Report','0','0','1','0','0','0','1','0','2012-03-01 12:00:00',1,NULL,NULL),
 (12,'Farmer','Profile management for a farmer','1','1','1','1','1','0','1','0','2012-03-20 22:29:09',1,NULL,NULL),
 (13,'DNA','Profile management for a DNA','1','1','1','1','1','0','0','0','2012-03-20 22:29:09',1,NULL,NULL),
 (17,'Farm Group','Profile management for farm groups under a DNA','1','1','1','1','1','0','0','0','0000-00-00 00:00:00',0,NULL,NULL),
 (18,'Market Prices','Ability to view market prices','0','0','1','0','0','0','1','0','0000-00-00 00:00:00',0,NULL,NULL),
 (19,'Dashboard Coverage Map','Permissions to the coverage map','0','0','1','0','0','0','0','0','0000-00-00 00:00:00',0,NULL,NULL),
 (20,'Commodities','Permissions for commodities','1','1','1','1','1','0','0','0','0000-00-00 00:00:00',0,NULL,NULL),
 (21,'Business Directory','Permissions for the Business Directory','1','1','1','1','1','0','0','0','0000-00-00 00:00:00',0,NULL,NULL),
 (22,'Messaging','Messaging permissions','1','1','1','1','1','0','0','0','0000-00-00 00:00:00',0,NULL,NULL),
 (23,'Locations','Ability to view and setup locations','1','1','1','1','1','0','0','0','0000-00-00 00:00:00',0,NULL,NULL),
 (24,'Weather','Weather forecasts','0','0','1','0','0','0','0','0','0000-00-00 00:00:00',0,NULL,NULL),
 (25,'Send Bulk SMS','Access rights to sms','0','0','0','0','0','0','0','1','0000-00-00 00:00:00',0,NULL,NULL),
 (26,'Send Mass Mail','Access to email broadcast','0','0','0','0','0','0','0','1','0000-00-00 00:00:00',0,NULL,NULL),
 (27,'Is UG Admin can Administer KE','User with right to administer kenya functions','0','0','0','0','0','0','0','1','0000-00-00 00:00:00',0,NULL,NULL),
 (28,'Community Forum','Permissions to the community forum','1','1','1','1','1','0','0','0','0000-00-00 00:00:00',0,NULL,NULL),
 (29,'Partner','Farmis Partners','1','1','1','1','1','0','0','0','0000-00-00 00:00:00',0,NULL,NULL),
 (30,'Farmer Activities','Seasons Activities','1','1','1','1','1','0','0','0','0000-00-00 00:00:00',0,NULL,NULL),
 (31,'Farmers Bio Data Report','Farmers Bio Data Report','0','0','1','0','0','0','1','0','0000-00-00 00:00:00',0,NULL,NULL),
 (32,'Membership Certificate','Membership Certificate','0','0','1','0','0','0','0','0','0000-00-00 00:00:00',0,NULL,NULL),
 (33,'Farmers Baseline Summary Report','Farmers Baseline Summary Report','0','0','1','0','0','0','1','0','0000-00-00 00:00:00',0,NULL,NULL),
 (34,'Farmers Baseline Detail Report','Farmers Baseline Summary Report','0','0','1','0','0','0','1','0','0000-00-00 00:00:00',0,NULL,NULL),
 (35,'DNA Profiling Aggregated Report','DNA Profiling Aggregated Report','0','0','1','0','0','0','1','0','0000-00-00 00:00:00',0,NULL,NULL),
 (36,'Crop Profiling Aggregated Report','Crop Profiling Aggregated Report','0','0','1','0','0','0','1','0','0000-00-00 00:00:00',0,NULL,NULL),
 (37,'PIA Profiling Performance Report','Crop Profiling Performance Report','0','0','1','0','0','0','1','0','0000-00-00 00:00:00',0,NULL,NULL),
 (38,'Is KE Admin','User with kenya admin previledge','0','0','0','0','0','0','0','1','0000-00-00 00:00:00',0,NULL,NULL),
 (39,'Dashboard Statistics','Dashboard Statistics','0','0','1','0','0','0','0','0','0000-00-00 00:00:00',0,NULL,NULL),
 (40,'Dashboard Trends','Dashboard Trends`','0','0','1','0','0','0','0','0','0000-00-00 00:00:00',0,NULL,NULL),
 (41,'District and Location Profiling Report','District and Location Profiling Report','0','0','1','0','0','0','1','0','0000-00-00 00:00:00',0,NULL,NULL),
 (42,'Profit and Loss Statement','Profit and Loss Statement','0','0','1','0','0','0','0','0','0000-00-00 00:00:00',0,NULL,NULL),
 (43,'Farmer Credit History','Farmer Credit History','1','1','1','1','1','0','0','0','0000-00-00 00:00:00',0,NULL,NULL),
 (44,'Farmer Sales','Farmer Sales','1','1','1','1','1','0','0','0','0000-00-00 00:00:00',0,NULL,NULL),
 (45,'Farmer Expenses','Farmer Expenses','1','1','1','1','1','0','0','0','0000-00-00 00:00:00',0,NULL,NULL),
 (46,'Farmer Inventory','Farmer Inventory','1','1','1','1','1','0','0','0','0000-00-00 00:00:00',0,NULL,NULL),
 (47,'Farmer Calendar','Farmer Calendar','0','0','1','0','0','0','0','0','0000-00-00 00:00:00',0,NULL,NULL),
 (48,'Farmer Seasons','Farmer Seasons','1','1','1','1','1','0','0','0','0000-00-00 00:00:00',0,NULL,NULL);
/*!40000 ALTER TABLE `aclresource` ENABLE KEYS */;




/*!40101 SET SQL_MODE=@OLD_SQL_MODE */;
/*!40014 SET FOREIGN_KEY_CHECKS=@OLD_FOREIGN_KEY_CHECKS */;
/*!40014 SET UNIQUE_CHECKS=@OLD_UNIQUE_CHECKS */;
/*!40101 SET CHARACTER_SET_CLIENT=@OLD_CHARACTER_SET_CLIENT */;
/*!40101 SET CHARACTER_SET_RESULTS=@OLD_CHARACTER_SET_RESULTS */;
/*!40101 SET COLLATION_CONNECTION=@OLD_COLLATION_CONNECTION */;
/*!40101 SET CHARACTER_SET_CLIENT=@OLD_CHARACTER_SET_CLIENT */;

SET FOREIGN_KEY_CHECKS=1;